City_ID,City,Country,Date,Lat,Lng,Max Temp,Humidity,Cloudiness,Wind Speed
0,Cape Town,ZA,2022-05-26 02:27:02,-33.9258,18.4232,61.12,97,100,3.44
1,Ust-Ilimsk,RU,2022-05-26 02:27:02,58.0006,102.6619,50.27,87,100,9.31
2,Darhan,MN,2022-05-26 02:27:04,49.4867,105.9228,71.85,24,95,11.77
3,Luwuk,ID,2022-05-26 02:27:04,-0.9516,122.7875,85.62,71,95,4.23
4,Mar Del Plata,AR,2022-05-26 02:27:05,-38.0023,-57.5575,46.94,68,40,5.01
5,Punta Arenas,CL,2022-05-26 02:27:05,-53.15,-70.9167,41.11,81,20,33.38
6,Carnarvon,AU,2022-05-26 02:27:05,-24.8667,113.6333,73.54,43,100,3.94
7,Tuktoyaktuk,CA,2022-05-26 02:27:06,69.4541,-133.0374,42.8,65,75,3.44
8,New Norfolk,AU,2022-05-26 02:27:06,-42.7826,147.0587,58.91,80,100,1.01
9,Yellowknife,CA,2022-05-26 02:23:57,62.456,-114.3525,57.72,28,20,8.05
10,Mikkeli,FI,2022-05-26 02:27:07,61.6886,27.2723,50.11,66,0,6.91
11,Xining,CN,2022-05-26 02:24:17,36.6167,101.7667,59.49,60,100,2.17
12,Jalu,LY,2022-05-26 02:27:07,29.0331,21.5482,81.1,12,0,6.33
13,Bucerias,MX,2022-05-26 02:27:07,20.75,-105.3333,79.99,78,0,10.36
14,Saint George,US,2022-05-26 02:27:08,37.1041,-113.5841,93.79,10,0,4.61
15,Faya,SA,2022-05-26 02:27:08,18.3851,42.4509,68.11,31,22,3.24
16,Bouar,CF,2022-05-26 02:27:09,5.934,15.596,63.52,96,11,1.68
17,Sao Filipe,CV,2022-05-26 02:27:09,14.8961,-24.4956,71.46,80,2,7.2
18,Dikson,RU,2022-05-26 02:27:09,73.5069,80.5464,23.99,92,97,3.71
19,Leningradskiy,RU,2022-05-26 02:27:10,69.3833,178.4167,43.0,76,82,9.13
20,Rikitea,PF,2022-05-26 02:27:10,-23.1203,-134.9692,75.15,75,5,4.65
21,Kampot,KH,2022-05-26 02:27:10,10.6167,104.1833,89.65,81,100,8.81
22,Ushuaia,AR,2022-05-26 02:27:11,-54.8,-68.3,38.86,81,40,34.52
23,Butaritari,KI,2022-05-26 02:27:11,3.0707,172.7902,81.45,75,99,15.95
24,Hithadhoo,MV,2022-05-26 02:27:11,-0.6,73.0833,83.5,65,36,4.94
25,Puerto Madryn,AR,2022-05-26 02:25:15,-42.7692,-65.0385,43.3,34,0,5.95
26,Muzhi,RU,2022-05-26 02:27:12,65.3667,64.6667,57.58,63,87,18.32
27,Chokurdakh,RU,2022-05-26 02:24:15,70.6333,147.9167,32.5,69,84,9.75
28,Falmouth,GB,2022-05-26 02:27:10,50.1544,-5.0711,56.3,88,75,13.8
29,Batemans Bay,AU,2022-05-26 02:27:13,-35.7167,150.1833,66.51,55,100,5.37
30,Bambous Virieux,MU,2022-05-26 02:27:13,-20.3428,57.7575,70.21,88,40,3.44
31,Cherskiy,RU,2022-05-26 02:27:13,68.75,161.3,44.67,56,8,15.68
32,Makakilo City,US,2022-05-26 02:27:14,21.3469,-158.0858,80.92,48,75,17.27
33,Limbe,CM,2022-05-26 02:27:14,4.0242,9.2149,76.35,91,62,3.49
34,Kapaa,US,2022-05-26 02:27:14,22.0752,-159.319,80.58,68,0,14.97
35,Hobart,AU,2022-05-26 02:27:15,-42.8794,147.3294,59.25,81,75,12.66
36,Albany,US,2022-05-26 02:22:30,42.6001,-73.9662,66.85,59,100,5.91
37,Skibotn,NO,2022-05-26 02:27:15,69.3913,20.2679,50.04,74,70,12.26
38,Kodiak,US,2022-05-26 02:27:16,57.79,-152.4072,53.11,71,0,8.05
39,Poronaysk,RU,2022-05-26 02:27:16,49.2167,143.1167,45.84,86,68,12.77
40,Kavaratti,IN,2022-05-26 02:27:16,10.5669,72.642,83.53,76,73,9.15
41,Ribeira Brava,PT,2022-05-26 02:27:17,32.65,-17.0667,64.0,75,94,5.41
42,Thompson,CA,2022-05-26 02:27:17,55.7435,-97.8558,57.36,47,75,5.75
43,Srednekolymsk,RU,2022-05-26 02:27:17,67.45,153.6833,51.1,50,45,16.4
44,Broken Hill,AU,2022-05-26 02:27:18,-31.95,141.4333,61.83,67,74,5.5
45,Lagoa,PT,2022-05-26 02:27:18,39.05,-27.9833,60.91,78,2,16.44
46,Nemuro,JP,2022-05-26 02:27:18,43.3236,145.575,53.71,90,65,13.02
47,Vite,IN,2022-05-26 02:27:19,17.2833,74.55,74.59,71,32,10.27
48,Jieshi,CN,2022-05-26 02:28:19,22.8134,115.8257,79.7,87,38,8.28
49,Kaitangata,NZ,2022-05-26 02:28:20,-46.2817,169.8464,48.72,65,58,7.87
50,Hamilton,US,2022-05-26 02:28:20,39.1834,-84.5333,73.74,91,100,3.44
51,East London,ZA,2022-05-26 02:28:20,-33.0153,27.9116,63.48,74,86,14.09
52,Arraial Do Cabo,BR,2022-05-26 02:28:21,-22.9661,-42.0278,67.96,94,20,4.61
53,Pochutla,MX,2022-05-26 02:28:21,15.7432,-96.4661,81.82,82,99,1.7
54,Chuy,UY,2022-05-26 02:28:22,-33.6971,-53.4616,57.04,91,100,18.03
55,Katsuura,JP,2022-05-26 02:28:22,35.1333,140.3,71.62,70,100,9.33
56,Ribeira Grande,PT,2022-05-26 02:28:22,38.5167,-28.7,62.13,76,8,17.92
57,Jamestown,US,2022-05-26 02:25:06,42.097,-79.2353,67.59,69,100,18.41
58,Hilo,US,2022-05-26 02:28:23,19.7297,-155.09,86.29,69,75,9.22
59,Narsaq,GL,2022-05-26 02:28:23,60.9167,-46.05,39.42,71,2,2.1
60,Haimen,CN,2022-05-26 02:28:23,23.1935,116.6142,78.69,94,90,9.01
61,San Patricio,US,2022-05-26 02:28:24,28.017,-97.5169,80.55,66,56,5.35
62,Busselton,AU,2022-05-26 02:28:24,-33.65,115.3333,60.8,71,0,5.7
63,Oussouye,SN,2022-05-26 02:28:25,12.485,-16.5469,75.09,77,100,5.39
64,Vaini,TO,2022-05-26 02:28:25,-21.2,-175.2,82.56,74,20,8.05
65,Lima,PE,2022-05-26 02:28:25,-12.0432,-77.0282,62.91,81,100,6.91
66,Kailua,US,2022-05-26 02:28:26,21.4022,-157.7394,82.38,54,0,12.66
67,Kautokeino,NO,2022-05-26 02:28:26,69.0125,23.0412,50.67,60,98,5.88
68,Trincomalee,LK,2022-05-26 02:28:27,8.5711,81.2335,82.35,74,96,18.5
69,Peleduy,RU,2022-05-26 02:28:27,59.6289,112.7406,43.9,94,100,13.8
70,Peniche,PT,2022-05-26 02:28:27,39.3558,-9.3811,60.46,89,3,11.88
71,Ola,RU,2022-05-26 02:28:28,59.5833,151.2833,41.14,95,100,12.59
72,Nanortalik,GL,2022-05-26 02:28:28,60.1432,-45.2371,33.71,79,12,8.66
73,Mayo,US,2022-05-26 02:28:28,38.8876,-76.5119,65.12,60,100,5.01
74,Saskylakh,RU,2022-05-26 02:28:29,71.9167,114.0833,28.29,89,93,8.61
75,Coruripe,BR,2022-05-26 02:28:29,-10.1256,-36.1756,75.07,88,92,12.12
76,Geraldton,AU,2022-05-26 02:28:29,-28.7667,114.6,70.21,52,0,17.27
77,Zeya,RU,2022-05-26 02:28:30,53.75,127.2667,72.46,37,40,3.8
78,Khatanga,RU,2022-05-26 02:24:15,71.9667,102.5,31.98,73,27,7.47
79,Nuuk,GL,2022-05-26 02:28:30,64.1835,-51.7216,34.41,75,40,8.05
80,Norman Wells,CA,2022-05-26 02:28:31,65.282,-126.8329,53.64,58,100,4.61
81,Hasaki,JP,2022-05-26 02:28:31,35.7333,140.8333,79.29,70,93,11.12
82,Carutapera,BR,2022-05-26 02:28:32,-1.195,-46.02,73.78,95,24,5.39
83,Arkhangelsk,RU,2022-05-26 02:28:32,64.5401,40.5433,41.11,93,20,4.47
84,Asau,RO,2022-05-26 02:28:32,46.4333,26.4,62.96,80,100,12.46
85,Ondo,NG,2022-05-26 02:28:33,7.1,4.8333,71.13,100,89,1.57
86,Kalmunai,LK,2022-05-26 02:28:33,7.4167,81.8167,80.1,81,99,8.81
87,Mae Sai,TH,2022-05-26 02:28:33,20.4335,99.8762,81.57,72,26,1.9
88,Bilibino,RU,2022-05-26 02:28:34,68.0546,166.4372,58.08,36,100,13.35
89,Iqaluit,CA,2022-05-26 02:28:34,63.7506,-68.5145,10.13,79,20,10.36
90,Bemidji,US,2022-05-26 02:28:34,47.4736,-94.8803,50.18,76,100,4.61
91,Constantine,DZ,2022-05-26 02:28:35,36.365,6.6147,60.21,94,40,5.75
92,Ensley,US,2022-05-26 02:28:35,30.5188,-87.2728,78.39,90,100,17.27
93,Acapulco,MX,2022-05-26 02:27:44,16.8634,-99.8901,80.42,74,75,0.0
94,Manali,IN,2022-05-26 02:29:36,13.1667,80.2667,86.09,82,71,15.41
95,Nokaneng,BW,2022-05-26 02:29:36,-19.6667,22.2667,54.64,50,0,3.38
96,Bluff,NZ,2022-05-26 02:29:36,-46.6,168.3333,49.8,61,36,4.07
97,Port Alfred,ZA,2022-05-26 02:29:37,-33.5906,26.891,59.18,94,96,1.99
98,Lavumisa,SZ,2022-05-26 02:29:37,-27.31,31.892,59.47,70,0,4.5
99,Avarua,CK,2022-05-26 02:29:37,-21.2078,-159.775,78.85,74,24,3.31
100,Mataura,NZ,2022-05-26 02:29:38,-46.1927,168.8643,49.48,65,20,3.0
101,Nikolskoye,RU,2022-05-26 02:29:38,59.7035,30.7861,44.8,85,98,5.82
102,Port Moresby,PG,2022-05-26 02:25:15,-9.4431,147.1797,80.02,78,75,11.5
103,Ixtapa,MX,2022-05-26 02:29:39,20.7,-105.2,79.23,78,0,10.36
104,Tadine,NC,2022-05-26 02:29:39,-21.55,167.8833,77.81,69,14,1.28
105,Lypova Dolyna,UA,2022-05-26 02:29:40,50.5643,33.7979,52.38,70,73,8.84
106,Puerto Ayora,EC,2022-05-26 02:29:40,-0.7393,-90.3518,71.55,95,16,8.25
107,Orbetello,IT,2022-05-26 02:29:41,42.4408,11.2196,64.42,84,100,3.31
108,Kavieng,PG,2022-05-26 02:29:41,-2.5744,150.7967,83.71,67,100,4.16
109,Berlevag,NO,2022-05-26 02:29:41,70.8578,29.0864,46.2,76,84,8.05
110,Tukrah,LY,2022-05-26 02:29:42,32.5341,20.5791,75.92,34,0,8.97
111,Sabanagrande,CO,2022-05-26 02:29:42,10.7912,-74.7606,82.49,83,75,6.91
112,Victoria,HK,2022-05-26 02:29:16,22.2855,114.1577,85.96,88,41,10.0
113,Maceio,BR,2022-05-26 02:27:12,-9.6658,-35.7353,72.84,94,75,1.14
114,Nueva Loja,EC,2022-05-26 02:29:43,0.0847,-76.8828,70.14,93,100,1.05
115,Kaeo,NZ,2022-05-26 02:29:43,-35.1,173.7833,68.32,63,19,2.1
116,Saint-Georges,GD,2022-05-26 02:29:44,12.0564,-61.7485,78.69,78,100,15.59
117,Adrar,MR,2022-05-26 02:29:44,20.5022,-10.0711,86.29,14,0,8.41
118,Praia,CV,2022-05-26 02:29:45,14.9215,-23.5087,72.14,73,75,14.97
119,Barrow,US,2022-05-26 02:29:45,71.2906,-156.7887,33.82,86,40,13.8
120,Ponta Do Sol,PT,2022-05-26 02:29:46,32.6667,-17.1,64.0,71,95,5.01
121,Olinda,BR,2022-05-26 02:27:47,-8.0089,-34.8553,73.13,94,75,8.05
122,Waddan,LY,2022-05-26 02:29:46,29.1614,16.139,83.53,10,0,18.54
123,Visnes,NO,2022-05-26 02:29:47,59.3556,5.2242,50.83,87,100,20.71
124,Tungor,RU,2022-05-26 02:29:47,53.3808,142.9564,58.42,61,99,10.74
125,Salalah,OM,2022-05-26 02:29:47,17.0151,54.0924,79.52,81,58,5.46
126,Bredasdorp,ZA,2022-05-26 02:29:48,-34.5322,20.0403,58.23,93,100,1.77
127,Kingston,JM,2022-05-26 02:29:48,17.997,-76.7936,81.55,81,20,17.27
128,Itarema,BR,2022-05-26 02:29:48,-2.9248,-39.9167,75.54,90,3,9.33
129,Tasiilaq,GL,2022-05-26 02:29:49,65.6145,-37.6368,37.56,83,98,3.11
130,Atar,MR,2022-05-26 02:29:49,20.5169,-13.0499,89.44,12,95,3.24
131,Beba,CU,2022-05-26 02:29:50,22.4437,-79.7253,77.27,84,21,10.65
132,Kiama,AU,2022-05-26 02:29:50,-34.6833,150.8667,68.38,73,93,4.27
133,Emba,KZ,2022-05-26 02:29:50,48.8264,58.1442,53.47,62,50,11.72
134,Kahului,US,2022-05-26 02:29:51,20.8947,-156.47,82.42,57,20,18.41
135,Soyo,AO,2022-05-26 02:30:51,-6.1349,12.3689,73.17,87,31,5.08
136,Glendive,US,2022-05-26 02:30:51,47.1053,-104.7125,65.82,48,75,8.05
137,Klaksvik,FO,2022-05-26 02:30:52,62.2266,-6.589,45.52,75,7,15.61
138,Batagay-Alyta,RU,2022-05-26 02:30:52,67.8006,130.4114,27.54,83,93,15.39
139,Bethel,US,2022-05-26 02:30:53,41.3712,-73.414,58.03,71,0,0.0
140,Comodoro Rivadavia,AR,2022-05-26 02:30:53,-45.8667,-67.5,39.06,41,0,6.91
141,Takoradi,GH,2022-05-26 02:30:53,4.8845,-1.7554,77.72,85,52,5.64
142,Qaanaaq,GL,2022-05-26 02:30:54,77.484,-69.3632,12.27,83,26,5.14
143,Cobija,BO,2022-05-26 02:30:54,-11.0267,-68.7692,71.49,93,100,1.68
144,Tiksi,RU,2022-05-26 02:30:55,71.6872,128.8694,27.46,76,100,10.0
145,Airai,TL,2022-05-26 02:30:55,-8.9266,125.4092,74.19,58,94,3.18
146,Peterhead,GB,2022-05-26 02:30:55,57.5058,-1.7981,45.0,80,2,13.02
147,Antsirabe,MG,2022-05-26 02:30:56,-19.85,47.0333,51.53,88,0,2.3
148,Vila Franca Do Campo,PT,2022-05-26 02:30:56,37.7167,-25.4333,65.19,80,58,5.14
149,Ordynskoye,RU,2022-05-26 02:30:57,54.3656,81.8994,71.29,53,0,14.74
150,Luena,AO,2022-05-26 02:30:57,-11.7833,19.9167,48.56,52,0,3.76
151,Lebu,CL,2022-05-26 02:30:58,-37.6167,-73.65,45.86,82,13,14.45
152,San Ignacio,BZ,2022-05-26 02:30:58,17.1561,-89.0714,78.94,94,0,6.91
153,Corinth,GR,2022-05-26 02:30:58,37.9407,22.9573,67.41,68,6,3.44
154,Kidal,ML,2022-05-26 02:30:59,18.4411,1.4078,86.99,29,88,6.49
155,Hermanus,ZA,2022-05-26 02:30:59,-34.4187,19.2345,57.79,91,92,2.98
156,Rio Grande,BR,2022-05-26 02:31:00,-32.035,-52.0986,60.94,98,100,6.53
157,Gidam,IN,2022-05-26 02:31:00,18.9833,81.4,93.69,34,49,4.32
158,Cabo San Lucas,MX,2022-05-26 02:31:00,22.8909,-109.9124,79.11,58,0,0.0
159,Mitu,CO,2022-05-26 02:29:12,1.1983,-70.1733,72.3,99,100,0.38
160,Port-Gentil,GA,2022-05-26 02:31:01,-0.7193,8.7815,77.34,78,100,11.79
161,Gold Coast,AU,2022-05-26 02:26:39,-28.0,153.4333,76.24,81,75,11.5
162,Saint-Philippe,RE,2022-05-26 02:31:01,-21.3585,55.7679,69.39,76,4,5.48
163,Neryungri,RU,2022-05-26 02:31:02,56.6709,124.6491,46.69,85,100,2.39
164,Whitehorse,CA,2022-05-26 02:30:33,60.7161,-135.0538,57.02,43,75,9.22
165,Tatawin,TN,2022-05-26 02:31:02,32.9297,10.4518,80.91,15,100,5.64
166,Diego De Almagro,CL,2022-05-26 02:31:03,-26.3667,-70.05,58.14,46,15,1.36
167,Itoman,JP,2022-05-26 02:31:03,26.1247,127.6694,77.4,92,75,6.91
168,Oistins,BB,2022-05-26 02:31:03,13.0667,-59.5333,80.69,78,20,16.11
169,Nyagan,RU,2022-05-26 02:31:04,62.1406,65.3936,63.99,78,98,10.58
170,College,US,2022-05-26 02:31:04,64.8569,-147.8028,70.59,32,75,14.97
171,Manjacaze,MZ,2022-05-26 02:31:04,-24.7117,33.8828,62.08,93,0,4.9
172,Maralal,KE,2022-05-26 02:31:05,1.0968,36.698,56.35,88,98,1.57
173,Husavik,IS,2022-05-26 02:31:05,66.0449,-17.3389,41.74,97,100,11.1
174,Mitchell,US,2022-05-26 02:31:06,43.7094,-98.0298,55.38,71,20,10.36
175,Reitz,ZA,2022-05-26 02:31:06,-27.8014,28.4273,46.99,61,0,5.68
176,Castro,BR,2022-05-26 02:31:06,-24.7911,-50.0119,53.33,79,0,3.85
177,Kamiiso,JP,2022-05-26 02:32:07,41.8167,140.65,59.38,82,75,5.75
178,Viedma,AR,2022-05-26 02:32:07,-40.8135,-62.9967,38.95,60,0,7.14
179,Safaga,EG,2022-05-26 02:32:07,26.7292,33.9365,80.31,38,0,13.0
180,Waterloo,CA,2022-05-26 02:32:08,43.4668,-80.5164,57.78,92,100,12.66
181,Longyearbyen,SJ,2022-05-26 02:32:08,78.2186,15.6401,37.24,87,75,5.75
182,Port Elizabeth,ZA,2022-05-26 02:32:09,-33.918,25.5701,61.11,88,75,10.36
183,Miri,MY,2022-05-26 02:32:09,4.4148,114.0089,86.14,79,40,5.75
184,Atuona,PF,2022-05-26 02:32:09,-9.8,-139.0333,78.84,73,9,18.54
185,Humaita,BR,2022-05-26 02:32:10,-7.5061,-63.0208,75.79,82,77,1.77
186,Preobrazheniye,RU,2022-05-26 02:32:10,42.9019,133.9064,50.79,98,100,15.79
187,Bontang,ID,2022-05-26 02:32:10,0.1333,117.5,78.55,88,100,10.83
188,Bridlington,GB,2022-05-26 02:32:11,54.0831,-0.1919,51.15,84,65,16.46
189,Zhanaozen,KZ,2022-05-26 02:32:11,43.3,52.8,58.53,46,44,5.7
190,Sungaipenuh,ID,2022-05-26 02:32:12,-2.0833,101.3833,78.73,48,96,2.3
191,Chapais,CA,2022-05-26 02:32:12,49.7834,-74.8492,51.58,75,100,4.99
192,Singaraja,ID,2022-05-26 02:32:12,-8.112,115.0882,84.33,76,100,2.8
193,Ahipara,NZ,2022-05-26 02:32:13,-35.1667,173.1667,62.01,62,28,7.9
194,Hami,CN,2022-05-26 02:32:13,42.8,93.45,89.02,8,100,12.03
195,Bengkulu,ID,2022-05-26 02:32:13,-3.8004,102.2655,82.83,62,97,3.56
196,Pevek,RU,2022-05-26 02:32:14,69.7008,170.3133,32.23,87,97,9.19
197,Acarau,BR,2022-05-26 02:32:02,-2.8856,-40.12,75.69,89,2,9.8
198,Riyadh,SA,2022-05-26 02:27:16,24.6877,46.7219,80.74,21,0,6.13
199,Porto Walter,BR,2022-05-26 02:32:15,-8.2686,-72.7439,70.95,98,74,1.16
200,Akyab,MM,2022-05-26 02:32:15,20.15,92.9,84.69,71,23,1.88
201,Olkhovatka,RU,2022-05-26 02:32:15,50.2831,39.2872,50.83,87,22,6.11
202,Bida,NG,2022-05-26 02:32:16,9.0833,6.0167,75.52,82,4,3.56
203,Tiznit,MA,2022-05-26 02:32:16,29.5833,-9.5,63.95,60,92,1.05
204,Bhaderwah,IN,2022-05-26 02:32:18,32.9784,75.7186,69.55,64,0,1.63
205,Vila Velha,BR,2022-05-26 02:32:18,-20.3297,-40.2925,68.95,93,75,0.0
206,Beira,MZ,2022-05-26 02:32:19,-19.8436,34.8389,62.69,100,0,5.75
207,Inuvik,CA,2022-05-26 02:29:17,68.3499,-133.7218,58.06,30,75,4.61
208,Whitianga,NZ,2022-05-26 02:32:19,-36.8333,175.7,59.5,74,26,5.35
209,Swan Hill,AU,2022-05-26 02:32:20,-35.3378,143.5544,64.38,71,95,5.88
210,Inhambane,MZ,2022-05-26 02:32:20,-23.865,35.3833,66.36,90,0,4.05
211,Mercedes,AR,2022-05-26 02:32:20,-34.6515,-59.4307,42.78,86,48,7.14
212,Hargeysa,SO,2022-05-26 02:32:21,9.56,44.065,70.57,67,100,18.88
213,Olafsvik,IS,2022-05-26 02:32:21,64.8945,-23.7142,41.95,82,87,10.83
214,Hervey Bay,AU,2022-05-26 02:32:21,-25.2986,152.8535,74.01,78,13,5.99
215,Abu Kamal,SY,2022-05-26 02:32:22,34.4506,40.9171,73.42,24,0,6.04
216,Pisco,PE,2022-05-26 02:32:22,-13.7,-76.2167,62.65,82,40,0.0
217,Sobolevo,RU,2022-05-26 02:32:23,54.4299,31.8996,49.89,87,85,6.49
218,Maiduguri,NG,2022-05-26 02:32:23,11.8464,13.1603,80.87,51,32,7.2
219,La Plaine,DM,2022-05-26 02:32:24,15.3333,-61.25,77.72,84,97,10.56
220,Masty,BY,2022-05-26 02:33:24,53.4122,24.5387,45.79,98,40,7.2
221,Trelew,AR,2022-05-26 02:33:24,-43.249,-65.3051,39.67,39,0,5.28
222,Jiaonan,CN,2022-05-26 02:33:25,35.8786,119.9753,75.83,31,59,10.94
223,Ambovombe,MG,2022-05-26 02:33:25,-25.1667,46.0833,66.33,93,1,4.54
224,Naze,JP,2022-05-26 02:33:25,28.3667,129.4833,76.12,78,82,9.24
225,Yulara,AU,2022-05-26 02:33:26,-25.2406,130.9889,72.19,38,5,11.5
226,Tezu,IN,2022-05-26 02:33:26,27.9167,96.1667,75.15,98,100,0.72
227,Griffith,US,2022-05-26 02:33:26,41.5284,-87.4237,72.37,83,40,11.5
228,Palampur,IN,2022-05-26 02:29:37,32.1167,76.5333,71.33,46,3,1.92
229,Costinesti,RO,2022-05-26 02:33:27,43.95,28.6333,56.44,86,43,13.89
230,Pierre,US,2022-05-26 02:33:27,44.3683,-100.351,59.92,85,0,10.0
231,Port Hedland,AU,2022-05-26 02:33:28,-20.3167,118.5667,84.25,32,21,11.5
232,Pangnirtung,CA,2022-05-26 02:33:28,66.1451,-65.7125,7.05,96,96,7.74
233,Mahebourg,MU,2022-05-26 02:33:28,-20.4081,57.7,70.25,88,40,3.44
234,Songjianghe,CN,2022-05-26 02:33:29,42.1859,127.479,47.48,78,100,8.41
235,Zhigansk,RU,2022-05-26 02:33:29,66.7697,123.3711,37.11,63,76,24.27
236,Kargopol,RU,2022-05-26 02:33:30,61.5071,38.9456,39.11,84,62,7.02
237,Udachnyy,RU,2022-05-26 02:33:30,66.4167,112.4,34.41,62,100,15.5
238,Flin Flon,CA,2022-05-26 02:33:30,54.7682,-101.865,51.6,88,100,3.18
239,At-Bashi,KG,2022-05-26 02:33:31,41.1702,75.8106,61.77,39,5,1.59
240,La Ronge,CA,2022-05-26 02:33:31,55.1001,-105.2842,61.05,44,100,8.05
241,Maple Creek,CA,2022-05-26 02:33:31,49.9168,-109.4848,64.81,34,52,4.61
242,Watsa,CD,2022-05-26 02:33:32,3.0372,29.5355,61.54,98,100,2.01
243,Solnechnyy,RU,2022-05-26 02:33:32,50.7214,136.6319,71.15,36,51,7.31
244,Torbay,CA,2022-05-26 02:33:32,47.6666,-52.7314,40.26,76,0,12.66
245,Umarkot,PK,2022-05-26 02:33:33,25.3616,69.7362,86.11,65,17,19.42
246,Yenagoa,NG,2022-05-26 02:33:33,4.9247,6.2642,73.42,98,96,3.71
247,Grand Gaube,MU,2022-05-26 02:33:34,-20.0064,57.6608,70.38,78,9,1.99
248,Roma,US,2022-05-26 02:33:34,43.2128,-75.4557,67.08,67,0,5.75
249,Mount Gambier,AU,2022-05-26 02:33:34,-37.8333,140.7667,57.11,94,75,9.22
250,Flinders,AU,2022-05-26 02:33:35,-34.5833,150.8552,68.18,73,78,5.99
251,Port Antonio,JM,2022-05-26 02:33:35,18.18,-76.4612,82.31,84,25,6.64
252,Fortuna,US,2022-05-26 02:30:45,40.5982,-124.1573,57.9,88,100,12.66
253,Salobrena,ES,2022-05-26 02:33:35,36.7428,-3.5872,63.23,72,50,2.15
254,Casma,CL,2022-05-26 02:33:36,-41.0082,-73.1244,36.68,96,1,3.27
255,Lasa,IT,2022-05-26 02:33:36,46.6166,10.7002,54.48,92,46,2.73
256,Marsh Harbour,BS,2022-05-26 02:33:37,26.5412,-77.0636,77.88,73,34,15.97
257,Tual,ID,2022-05-26 02:33:37,-5.6667,132.75,82.96,75,48,12.17
258,Aykhal,RU,2022-05-26 02:33:37,66.0,111.5,32.41,70,100,15.39
259,Meulaboh,ID,2022-05-26 02:33:38,4.1363,96.1285,84.42,64,73,6.49
260,Rauma,FI,2022-05-26 02:33:38,61.1272,21.5113,48.24,93,56,4.88
261,Faanui,PF,2022-05-26 02:33:38,-16.4833,-151.75,81.0,69,8,13.98
262,Benjamin Aceval,PY,2022-05-26 02:33:39,-24.9667,-57.5667,77.14,76,29,5.37
263,Sisimiut,GL,2022-05-26 02:33:39,66.9395,-53.6735,34.11,76,79,5.37
264,Santa Catarina De Tepehuanes,MX,2022-05-26 02:33:39,25.35,-105.7333,65.19,36,0,5.32
265,Salinopolis,BR,2022-05-26 02:33:40,-0.6136,-47.3561,76.17,90,52,9.15
266,Payyannur,IN,2022-05-26 02:33:40,12.1,75.2,83.82,79,37,2.08
267,Conceicao Do Araguaia,BR,2022-05-26 02:34:41,-8.2578,-49.2647,71.49,61,6,2.68
268,Kargil,IN,2022-05-26 02:34:41,34.5667,76.1,52.99,33,10,3.83
269,Haverfordwest,GB,2022-05-26 02:34:42,51.8017,-4.9691,57.54,93,32,5.99
270,Constitucion,CL,2022-05-26 02:30:56,-35.3333,-72.4167,48.99,74,95,6.64
271,Port Hope,US,2022-05-26 02:30:09,43.9408,-82.7127,63.21,31,100,14.97
272,Cap-Aux-Meules,CA,2022-05-26 02:34:42,47.3821,-61.8597,51.85,54,75,19.57
273,Shenjiamen,CN,2022-05-26 02:34:43,29.9576,122.298,66.29,79,100,4.81
274,Georgetown,MY,2022-05-26 02:34:43,5.4112,100.3354,87.73,47,20,3.44
275,Chumikan,RU,2022-05-26 02:34:43,54.7183,135.315,40.5,94,100,4.16
276,Paamiut,GL,2022-05-26 02:34:44,61.994,-49.6678,34.43,74,62,10.96
277,Hutchinson,US,2022-05-26 02:34:03,38.0608,-97.9298,50.59,98,100,9.22
278,Savalia,GR,2022-05-26 02:34:44,37.8216,21.2943,66.15,88,0,3.44
279,Kutum,SD,2022-05-26 02:34:44,14.2,24.6667,71.67,11,98,7.05
280,Kalakamati,BW,2022-05-26 02:34:45,-20.5929,27.3121,55.76,45,0,3.42
281,Piranshahr,IR,2022-05-26 02:34:45,36.701,45.1413,51.31,60,0,4.54
282,Nyurba,RU,2022-05-26 02:33:16,63.2842,118.3319,42.39,61,100,8.88
283,Canmore,CA,2022-05-26 02:34:46,51.0834,-115.3521,57.31,37,18,9.22
284,Ivanava,BY,2022-05-26 02:34:46,52.1451,25.5365,48.36,96,76,12.97
285,Varhaug,NO,2022-05-26 02:34:46,58.6147,5.6457,49.89,90,66,19.01
286,Morehead,US,2022-05-26 02:34:47,37.2711,-87.1764,69.94,86,0,9.22
287,Maniitsoq,GL,2022-05-26 02:34:47,65.4167,-52.9,32.52,63,41,13.73
288,Charleston,US,2022-05-26 02:34:24,32.7766,-79.9309,76.01,90,100,10.36
289,Anshun,CN,2022-05-26 02:34:48,26.25,105.9333,65.25,95,100,4.72
290,Orange Cove,US,2022-05-26 02:34:49,36.6244,-119.3137,98.26,11,32,3.98
291,Pringsewu,ID,2022-05-26 02:34:49,-5.3582,104.9744,77.0,90,100,2.62
292,Salur,IN,2022-05-26 02:34:49,18.5333,83.2167,93.24,41,3,1.48
293,Upernavik,GL,2022-05-26 02:34:50,72.7868,-56.1549,24.35,61,99,7.94
294,Ostrovnoy,RU,2022-05-26 02:34:50,68.0531,39.5131,35.58,97,100,8.46
295,Oriximina,BR,2022-05-26 02:34:51,-1.7656,-55.8661,74.39,89,13,2.93
296,Bulgan,MN,2022-05-26 02:34:51,48.8125,103.5347,70.0,28,100,3.6
297,Taoudenni,ML,2022-05-26 02:34:52,22.6783,-3.9836,90.61,10,17,6.15
298,Pemangkat,ID,2022-05-26 02:34:52,1.1667,108.9667,82.49,77,100,4.16
299,Wanxian,CN,2022-05-26 02:34:52,30.8039,108.3897,66.27,93,100,5.06
300,Tuatapere,NZ,2022-05-26 02:34:53,-46.1333,167.6833,49.06,64,35,1.05
301,Aquiraz,BR,2022-05-26 02:34:53,-3.9014,-38.3911,77.18,88,100,7.96
302,Aleppo,SY,2022-05-26 02:34:53,36.25,37.5,67.78,44,0,9.24
303,Zhezkazgan,KZ,2022-05-26 02:34:54,47.8043,67.7144,67.98,37,0,6.71
304,Pangody,RU,2022-05-26 02:34:54,65.85,74.4859,50.31,47,47,11.56
305,Aklavik,CA,2022-05-26 02:34:54,68.2191,-135.0107,51.98,56,52,1.81
306,Fairbanks,US,2022-05-26 02:30:03,64.8378,-147.7164,70.61,32,100,14.97
307,Mackenzie,CA,2022-05-26 02:34:55,55.2999,-123.1698,46.62,81,100,5.75
308,Tessalit,ML,2022-05-26 02:34:56,20.1986,1.0114,85.01,28,84,1.16
309,Padang,ID,2022-05-26 02:32:17,-0.9492,100.3543,84.25,61,88,2.98
310,Antsohihy,MG,2022-05-26 02:34:56,-14.8796,47.9875,68.68,94,3,2.3
311,Malpe,IN,2022-05-26 02:34:56,13.35,74.7167,83.5,77,90,8.68
312,Ban Tak,TH,2022-05-26 02:35:57,17.0432,99.0813,84.31,67,98,5.19
313,Talnakh,RU,2022-05-26 02:35:57,69.4865,88.3972,33.21,68,8,3.91
314,Coahuayana,MX,2022-05-26 02:35:58,18.7333,-103.6833,73.54,89,100,2.77
315,Severo-Kurilsk,RU,2022-05-26 02:32:16,50.6789,156.125,41.43,93,96,5.57
316,Saint Anthony,US,2022-05-26 02:35:58,45.0205,-93.218,50.67,92,100,11.5
317,Port Hardy,CA,2022-05-26 02:35:59,50.6996,-127.4199,55.58,71,40,11.5
318,Atambua,ID,2022-05-26 02:35:59,-9.1061,124.8925,84.69,58,73,1.97
319,Jawhar,SO,2022-05-26 02:35:59,2.7809,45.5005,75.29,93,70,11.81
320,Show Low,US,2022-05-26 02:36:00,34.2542,-110.0298,71.89,13,0,6.91
321,Sayyan,YE,2022-05-26 02:36:00,15.1718,44.3244,60.17,25,1,5.48
322,Napier,NZ,2022-05-26 02:36:00,-39.4833,176.9167,52.29,77,100,4.0
323,Luderitz,NA,2022-05-26 02:36:01,-26.6481,15.1594,57.43,75,0,7.87
324,Matagami,CA,2022-05-26 02:36:01,49.7502,-77.6328,57.31,62,75,3.44
325,Diapaga,BF,2022-05-26 02:36:02,12.0708,1.7889,83.41,54,72,8.34
326,Muli,MV,2022-05-26 02:36:02,2.9167,73.5667,82.6,72,42,7.85
327,Vanimo,PG,2022-05-26 02:36:02,-2.6741,141.3028,84.07,72,97,3.33
328,Santa Cruz,BO,2022-05-26 02:35:04,-17.8,-63.1667,74.66,83,40,11.5
329,Nome,US,2022-05-26 02:36:03,64.5011,-165.4064,50.16,76,0,11.5
330,Puerto Carreno,CO,2022-05-26 02:36:03,6.189,-67.4859,76.48,90,83,3.13
331,Arawa,PG,2022-05-26 02:36:04,-6.2132,155.5367,83.01,81,99,3.74
332,Wagar,SD,2022-05-26 02:36:04,16.1525,36.2032,84.61,17,50,7.0
333,Necochea,AR,2022-05-26 02:36:04,-38.5473,-58.7368,45.82,65,18,6.62
334,Kununurra,AU,2022-05-26 02:36:05,-15.7667,128.7333,91.38,24,61,11.5
335,Iquique,CL,2022-05-26 02:32:17,-20.2208,-70.1431,62.64,76,18,2.17
336,Eden,US,2022-05-26 02:36:08,36.4885,-79.7667,63.82,88,100,0.0
337,Homer,US,2022-05-26 02:36:09,59.6425,-151.5483,55.78,81,40,13.8
338,Hoquiam,US,2022-05-26 02:36:09,46.9809,-123.8893,57.43,81,0,9.22
339,Zaykovo,RU,2022-05-26 02:36:09,57.5613,62.7568,56.55,80,21,6.15
340,Puerto Narino,CO,2022-05-26 02:36:10,-3.7703,-70.3831,71.64,98,54,2.04
341,Manutuke,NZ,2022-05-26 02:36:10,-38.6833,177.9167,51.73,85,100,7.92
342,Souillac,MU,2022-05-26 02:36:10,-20.5167,57.5167,70.18,88,40,3.44
343,Yeovil,GB,2022-05-26 02:36:11,50.9416,-2.6321,56.01,89,75,7.0
344,Namibe,AO,2022-05-26 02:36:11,-15.1961,12.1522,66.61,70,0,6.55
345,Sioux Lookout,CA,2022-05-26 02:36:12,50.1001,-91.917,53.67,71,100,3.44
346,Nhulunbuy,AU,2022-05-26 02:36:12,-12.2333,136.7667,86.61,54,20,14.97
347,Wanning,CN,2022-05-26 02:36:12,18.8003,110.3967,87.13,70,100,9.48
348,Ingraj Bazar,IN,2022-05-26 02:36:13,25.0,88.15,92.01,42,0,8.25
349,Mandera,KE,2022-05-26 02:36:13,3.9366,41.867,77.25,72,98,8.97
350,Macklin,CA,2022-05-26 02:36:13,52.3334,-109.9348,66.54,55,28,3.76
351,Laguna,US,2022-05-26 02:36:14,38.421,-121.4238,97.61,24,0,11.5
352,Yelan,RU,2022-05-26 02:36:14,50.949,43.7378,47.3,68,96,3.74
353,Caravelas,BR,2022-05-26 02:36:14,-17.7125,-39.2481,69.98,87,0,7.23
354,Merke,KZ,2022-05-26 02:36:15,42.8728,73.1786,80.31,35,0,3.74
355,Manolas,GR,2022-05-26 02:36:15,38.05,21.35,70.93,88,0,3.44
356,Provideniya,RU,2022-05-26 02:36:16,64.3833,-173.3,33.91,93,20,8.95
357,Qui Nhon,VN,2022-05-26 02:36:16,13.7667,109.2333,86.86,66,95,6.44
358,Karaton,ID,2022-05-26 02:36:16,-6.3424,106.1045,78.85,83,100,3.56
359,Saldanha,ZA,2022-05-26 02:36:17,-33.0117,17.9442,55.45,92,0,2.82
360,Talara,PE,2022-05-26 02:37:17,-4.5772,-81.2719,65.71,87,47,10.96
361,Tilichiki,RU,2022-05-26 02:37:17,60.4667,166.1,40.57,80,100,7.09
362,Bathsheba,BB,2022-05-26 02:37:18,13.2167,-59.5167,81.21,78,20,16.11
363,Yar-Sale,RU,2022-05-26 02:37:18,66.8333,70.8333,45.32,59,100,15.86
364,Kharitonovo,RU,2022-05-26 02:37:19,61.4009,47.4978,43.0,87,88,4.83
365,Grootfontein,NA,2022-05-26 02:37:19,-19.5667,18.1167,42.37,75,0,2.3
366,Ayia Marina,GR,2022-05-26 02:37:19,37.75,23.5333,73.54,69,22,6.82
367,Isangel,VU,2022-05-26 02:37:20,-19.55,169.2667,80.64,69,14,0.78
368,Diffa,NE,2022-05-26 02:37:20,13.3154,12.6113,83.7,14,0,6.69
369,Puerto Del Rosario,ES,2022-05-26 02:37:20,28.5004,-13.8627,67.75,68,100,12.66
370,Leh,IN,2022-05-26 02:37:21,34.1667,77.5833,50.88,30,27,6.4
371,Gebre Guracha,ET,2022-05-26 02:37:21,9.8,38.4,54.72,68,47,1.77
372,Araouane,ML,2022-05-26 02:37:21,18.9048,-3.5265,85.59,39,89,12.97
373,Lyubech,UA,2022-05-26 02:37:22,51.7026,30.6569,54.37,96,100,13.11
374,Kapit,MY,2022-05-26 02:37:22,2.0167,112.9333,81.01,77,100,0.65
375,Warrington,GB,2022-05-26 02:37:22,53.3925,-2.5802,55.45,78,15,12.66
376,Yurimaguas,PE,2022-05-26 02:37:23,-5.9,-76.0833,72.0,98,57,0.6
377,Dafeng,CN,2022-05-26 02:37:23,23.4517,108.5881,82.89,83,97,0.92
378,Batesville,US,2022-05-26 02:37:24,35.7698,-91.641,72.01,74,0,4.61
379,Esmeraldas,BR,2022-05-26 02:37:24,-19.7625,-44.3139,65.26,89,0,3.58
380,Yarmouth,US,2022-05-26 02:34:38,41.7057,-70.2286,54.0,74,0,5.75
381,Umm Lajj,SA,2022-05-26 02:37:24,25.0213,37.2685,77.76,69,0,7.74
382,Nahariyya,IL,2022-05-26 02:37:25,33.0059,35.0941,67.95,71,0,8.55
383,Belawan,ID,2022-05-26 02:37:25,3.7755,98.6832,80.89,66,100,3.36
384,Cayenne,GF,2022-05-26 02:37:26,4.9333,-52.3333,82.09,1,0,1.99
385,Camacha,PT,2022-05-26 02:37:26,33.0833,-16.3333,60.22,77,75,9.22
386,Westport,US,2022-05-26 02:36:09,41.1415,-73.3579,57.07,62,0,5.75
387,Saint-Joseph,RE,2022-05-26 02:37:26,-21.3667,55.6167,68.38,72,2,3.53
388,Nizhniy Ingash,RU,2022-05-26 02:37:27,56.2,96.53,64.04,40,0,9.31
389,San Cristobal,VE,2022-05-26 02:37:27,7.7669,-72.225,73.58,95,100,3.4
390,Altay,CN,2022-05-26 02:37:27,47.8667,88.1167,77.49,36,100,7.81
391,Sitka,US,2022-05-26 02:37:28,57.0531,-135.33,53.49,62,100,17.27
392,Mnogovershinnyy,RU,2022-05-26 02:37:28,53.9353,139.9242,52.72,62,99,5.44
393,George Town,MY,2022-05-26 02:34:43,5.4112,100.3354,87.73,47,20,3.44
394,Erenhot,CN,2022-05-26 02:37:29,43.6475,111.9767,72.68,14,47,15.57
395,Garwolin,PL,2022-05-26 02:37:29,51.8975,21.6147,54.05,96,10,5.99
396,Riohacha,CO,2022-05-26 02:37:29,11.5444,-72.9072,81.5,75,66,12.28
397,Labuhan,ID,2022-05-26 02:37:30,-6.8844,112.2051,82.92,73,100,3.76
398,Kot Addu,PK,2022-05-26 02:37:30,30.4692,70.9671,93.9,21,0,5.12
399,Praia Da Vitoria,PT,2022-05-26 02:37:31,38.7333,-27.0667,61.75,82,40,9.1
400,Rudnya,RU,2022-05-26 02:37:31,54.947,31.0934,50.79,85,99,6.85
401,Santiago Del Estero,AR,2022-05-26 02:37:31,-27.7951,-64.2615,55.58,65,100,16.58
402,Huarmey,PE,2022-05-26 02:37:32,-10.0681,-78.1522,64.04,86,20,8.46
403,Brae,GB,2022-05-26 02:37:32,60.3964,-1.353,47.64,80,21,17.47
404,Agapia,RO,2022-05-26 02:37:32,47.1667,26.2833,61.68,99,100,6.38
405,Sherbakul,RU,2022-05-26 02:37:33,54.6316,72.3963,73.8,40,64,11.39
406,Pasni,PK,2022-05-26 02:37:33,25.2631,63.471,82.02,88,40,6.53
407,Male,MV,2022-05-26 02:35:42,4.1748,73.5089,84.15,79,20,6.91
408,Shache,CN,2022-05-26 02:38:34,38.4167,77.2406,83.46,17,2,7.85
409,Chachapoyas,PE,2022-05-26 02:38:34,-6.2317,-77.869,53.38,97,94,3.56
410,Codrington,AU,2022-05-26 02:38:34,-38.2667,141.9667,60.89,75,96,11.65
411,Port Lincoln,AU,2022-05-26 02:36:15,-34.7333,135.8667,62.91,66,18,10.63
412,Auki,SB,2022-05-26 02:38:35,-8.7676,160.7034,82.51,77,62,3.76
413,Jamame,SO,2022-05-26 02:38:35,0.0722,42.7506,76.19,91,93,5.57
414,Lakes Entrance,AU,2022-05-26 02:38:36,-37.8811,147.981,69.17,50,82,2.8
415,Manga,BF,2022-05-26 02:38:36,11.6636,-1.0731,82.17,61,91,9.24
416,Esperance,AU,2022-05-26 02:38:36,-33.8667,121.9,64.4,60,10,7.0
417,Pyay,MM,2022-05-26 02:38:37,18.8167,95.2167,89.69,54,8,6.49
418,Chupa,RU,2022-05-26 02:38:37,66.27,33.0549,41.61,70,3,3.22
419,Ilebo,CD,2022-05-26 02:38:38,-4.3167,20.5833,68.38,98,91,0.87
420,Taltal,CL,2022-05-26 02:38:38,-25.4,-70.4833,59.47,78,51,2.24
421,State College,US,2022-05-26 02:33:48,40.7934,-77.86,65.05,65,100,5.75
422,Oktyabrskoye,RU,2022-05-26 02:38:38,43.0645,44.7417,44.35,93,25,4.47
423,Borovoy,RU,2022-05-26 02:38:39,55.4333,86.0833,67.28,59,0,13.42
424,Guerrero Negro,MX,2022-05-26 02:36:57,27.9769,-114.0611,63.05,79,0,12.53
425,Cidreira,BR,2022-05-26 02:38:39,-30.1811,-50.2056,66.13,82,99,4.74
426,Karla,EE,2022-05-26 02:38:40,59.3723,24.9275,52.14,93,100,6.91
427,Hovd,MN,2022-05-26 02:38:40,48.0056,91.6419,77.29,21,100,1.54
428,Soanierana Ivongo,MG,2022-05-26 02:38:40,-16.9167,49.5833,67.14,91,9,3.85
429,Baykit,RU,2022-05-26 02:38:41,61.67,96.37,57.33,55,17,7.76
430,Abu Samrah,SY,2022-05-26 02:38:41,35.3029,37.1841,66.4,44,0,2.24
431,Alamosa,US,2022-05-26 02:38:41,37.4695,-105.87,64.38,22,0,13.8
432,Grand-Santi,GF,2022-05-26 02:38:42,4.25,-54.3833,71.98,99,98,2.08
433,Slave Lake,CA,2022-05-26 02:35:45,55.2834,-114.769,57.18,58,100,9.22
434,Mana,GF,2022-05-26 02:38:42,5.6592,-53.7767,76.93,89,98,7.87
435,Montana,BG,2022-05-26 02:35:00,43.4125,23.225,62.15,84,74,3.02
436,Palembang,ID,2022-05-26 02:38:43,-2.9167,104.7458,78.89,94,20,2.3
437,Pascagoula,US,2022-05-26 02:38:43,30.3658,-88.5561,73.44,96,40,5.75
438,Ust-Barguzin,RU,2022-05-26 02:38:44,53.45,108.9833,60.98,34,89,5.91
439,Katakwi,UG,2022-05-26 02:38:44,1.8911,33.9661,62.06,94,98,3.6
440,Verkhnevilyuysk,RU,2022-05-26 02:38:44,63.4453,120.3167,41.97,57,100,10.02
441,Havoysund,NO,2022-05-26 02:38:45,70.9963,24.6622,55.63,58,99,11.68
442,Omsukchan,RU,2022-05-26 02:38:45,62.5333,155.8,39.13,90,100,7.29
443,Mettur,IN,2022-05-26 02:38:45,11.8,77.8,83.46,61,0,2.73
444,Dingle,PH,2022-05-26 02:38:46,10.9995,122.6711,88.83,61,100,5.23
445,Vardo,NO,2022-05-26 02:38:46,70.3705,31.1107,40.98,81,60,10.36
446,Hermon,US,2022-05-26 02:38:47,44.8101,-68.9134,52.32,75,20,6.91
447,Lander,US,2022-05-26 02:38:00,42.833,-108.7307,70.61,37,0,3.44
448,Hulan,CN,2022-05-26 02:38:47,45.9833,126.6,59.11,91,100,7.05
449,Marquette,US,2022-05-26 02:38:47,46.5333,-87.6335,44.04,94,100,4.23
450,Tambura,SS,2022-05-26 02:38:48,5.6,27.4667,69.04,88,100,4.16
451,Ust-Kuyga,RU,2022-05-26 02:38:48,70.0167,135.6,32.54,80,100,12.91
452,Sambava,MG,2022-05-26 02:38:49,-14.2667,50.1667,69.53,87,5,7.16
453,Barra Do Corda,BR,2022-05-26 02:39:49,-5.5,-45.25,72.43,79,36,1.99
454,Duku,NG,2022-05-26 02:39:49,11.2361,4.9073,82.08,56,4,7.52
455,Bilma,NE,2022-05-26 02:39:50,18.6853,12.9164,85.82,10,34,5.35
456,Perry,US,2022-05-26 02:39:50,37.2506,-83.1999,75.92,64,99,8.16
457,Guarapari,BR,2022-05-26 02:39:50,-20.6667,-40.4975,68.9,87,5,3.56
458,Hofn,IS,2022-05-26 02:39:51,64.2539,-15.2082,42.98,87,41,6.29
459,Piacabucu,BR,2022-05-26 02:39:51,-10.4056,-36.4344,75.09,89,91,12.01
460,Ugoofaaru,MV,2022-05-26 02:39:51,5.6667,73.0,82.49,77,66,10.29
461,Lockhart,US,2022-05-26 02:39:52,28.6194,-81.4426,80.13,68,97,1.01
462,Lorengau,PG,2022-05-26 02:39:52,-2.0226,147.2712,84.87,67,100,2.51
463,Ust-Maya,RU,2022-05-26 02:39:53,60.4167,134.5333,44.53,65,100,6.53
464,Calvinia,ZA,2022-05-26 02:39:53,-31.4707,19.776,44.64,84,0,1.77
465,Mahanje,TZ,2022-05-26 02:39:53,-9.9333,35.3333,59.29,93,1,2.48
466,Kuusamo,FI,2022-05-26 02:39:54,65.9667,29.1833,42.84,75,0,5.75
467,Hayrabolu,TR,2022-05-26 02:39:54,41.2131,27.1069,60.31,78,31,2.37
468,Tucurui,BR,2022-05-26 02:39:54,-3.7661,-49.6725,73.33,89,59,3.04
469,Mount Isa,AU,2022-05-26 02:39:55,-20.7333,139.5,78.57,34,0,13.8
470,Sucua,EC,2022-05-26 02:39:55,-2.4667,-78.1667,67.37,98,99,2.53
471,Mata,PT,2022-05-26 02:39:56,40.683,-7.4592,56.93,67,7,7.54
472,Ust-Nera,RU,2022-05-26 02:39:56,64.5667,143.2,50.85,51,88,7.09
473,Noumea,NC,2022-05-26 02:39:56,-22.2763,166.4572,82.38,99,33,5.35
474,Vangaindrano,MG,2022-05-26 02:39:57,-23.35,47.6,67.21,94,5,5.37
475,Ewa Beach,US,2022-05-26 02:39:57,21.3156,-158.0072,82.35,49,75,17.27
476,Arrecife,ES,2022-05-26 02:39:58,28.963,-13.5477,66.18,68,75,8.05
477,Alofi,NU,2022-05-26 02:39:58,-19.0595,-169.9187,80.49,78,75,11.5
478,Avera,US,2022-05-26 02:39:58,33.194,-82.5271,76.51,90,100,10.69
479,Kawalu,ID,2022-05-26 02:39:59,-7.3817,108.2082,83.17,65,100,1.34
480,Megion,RU,2022-05-26 02:39:59,61.0296,76.1136,64.42,54,100,13.04
481,Hambantota,LK,2022-05-26 02:39:59,6.1241,81.1185,82.74,89,20,18.41
482,Mabaruma,GY,2022-05-26 02:40:00,8.2,-59.7833,72.99,99,27,2.59
483,Manicore,BR,2022-05-26 02:40:00,-5.8092,-61.3003,76.95,94,0,0.0
484,Zelenogorskiy,RU,2022-05-26 02:40:01,55.0333,87.0,70.83,50,2,13.44
485,Ambon,ID,2022-05-26 02:40:01,-3.6954,128.1814,86.14,70,40,3.44
486,Kant,IN,2022-05-26 02:40:02,27.8,79.8,89.22,28,2,5.06
487,Wladyslawowo,PL,2022-05-26 02:40:02,54.7909,18.4009,52.93,86,43,11.63
488,Raga,SS,2022-05-26 02:40:02,8.4596,25.678,73.36,75,86,4.99
489,Ouango,CF,2022-05-26 02:40:03,4.3133,22.5552,68.16,99,87,1.72
490,Quatre Cocos,MU,2022-05-26 02:40:03,-20.2078,57.7625,70.09,70,36,9.35
491,Komsomolskiy,UZ,2022-05-26 02:40:04,40.4272,71.7189,74.12,43,45,4.61
492,Mpanda,TZ,2022-05-26 02:40:04,-6.3655,31.0409,62.24,84,59,0.54
493,Sandakan,MY,2022-05-26 02:40:04,5.8402,118.1179,87.48,79,20,5.99
494,Waingapu,ID,2022-05-26 02:40:05,-9.6567,120.2641,86.23,65,79,11.95
495,Marawi,PH,2022-05-26 02:40:05,7.9986,124.2928,79.74,70,79,3.29
496,Llanes,ES,2022-05-26 02:40:05,43.4198,-4.7549,56.82,73,0,3.71
497,Marabba,SD,2022-05-26 02:40:06,12.35,32.1833,82.56,51,97,11.59
498,Ambo,PE,2022-05-26 02:40:06,-10.1308,-76.2047,57.45,94,60,1.01
499,Turukhansk,RU,2022-05-26 02:40:07,65.8167,87.9833,50.74,57,2,7.07
500,Poum,NC,2022-05-26 02:41:07,-20.2333,164.0167,76.82,74,32,5.21
501,Kieta,PG,2022-05-26 02:41:07,-6.2167,155.6333,82.76,79,100,4.34
502,Lavrentiya,RU,2022-05-26 02:41:08,65.5833,-171.0,41.63,83,100,7.56
503,Fare,PF,2022-05-26 02:41:08,-16.7,-151.0167,80.91,69,0,14.32
504,Minsk,BY,2022-05-26 02:41:08,53.9,27.5667,51.55,94,100,19.04
505,Revelstoke,CA,2022-05-26 02:41:09,50.9832,-118.2023,60.82,55,20,4.61
506,Tangshan,CN,2022-05-26 02:41:09,39.6333,118.1833,85.71,12,0,11.18
507,Catubig,PH,2022-05-26 02:41:10,12.4098,125.0548,91.11,55,100,6.64
508,Samarskoye,RU,2022-05-26 02:41:10,46.9336,39.6814,56.84,83,51,6.69
509,Linares,CL,2022-05-26 02:41:10,-35.85,-71.6,43.47,90,62,4.45
510,Richards Bay,ZA,2022-05-26 02:41:11,-28.783,32.0377,70.65,86,33,11.7
511,Harper,LR,2022-05-26 02:41:11,4.375,-7.7169,77.56,83,95,5.86
512,Weligama,LK,2022-05-26 02:41:11,5.9667,80.4167,81.32,82,57,10.36
513,Mangla,PK,2022-05-26 02:41:12,31.8931,72.3817,93.79,25,0,6.93
514,La Asuncion,VE,2022-05-26 02:41:12,11.0333,-63.8628,78.53,94,100,12.66
515,San Juan,AR,2022-05-26 02:41:13,-31.5375,-68.5364,47.61,66,100,8.55
516,Yuli,NG,2022-05-26 02:41:13,9.6989,10.2744,76.87,84,95,7.54
517,Yaan,NG,2022-05-26 02:41:13,7.3833,8.5667,74.3,89,99,5.77
518,Pombia,IT,2022-05-26 02:41:14,45.653,8.6336,64.13,85,0,5.75
519,Tomohon,ID,2022-05-26 02:41:14,1.3346,124.8392,79.74,63,94,1.12
520,Saltillo,MX,2022-05-26 02:37:07,25.4167,-101.0,74.62,34,0,13.8
521,Nara,JP,2022-05-26 02:40:08,34.6851,135.8049,81.72,51,100,2.04
522,Vao,NC,2022-05-26 02:41:15,-22.6667,167.4833,74.68,74,37,7.05
523,Barkhan,PK,2022-05-26 02:41:15,29.8977,69.5256,82.98,22,0,1.45
524,Banepa,NP,2022-05-26 02:41:15,27.6298,85.5214,66.52,77,20,2.3
525,Clyde River,CA,2022-05-26 02:41:03,70.4692,-68.5914,16.03,92,100,24.16
526,Muros,ES,2022-05-26 02:41:16,42.7762,-9.0603,56.84,79,18,10.02
527,Kupang,ID,2022-05-26 02:41:16,-10.1667,123.5833,87.89,53,99,4.41
528,West Wendover,US,2022-05-26 02:41:17,40.7391,-114.0733,79.81,18,0,8.05
529,Sakaiminato,JP,2022-05-26 02:39:18,35.55,133.2333,82.38,47,75,9.22
530,Pottendorf,AT,2022-05-26 02:41:17,47.9,16.3833,56.95,85,63,4.32
531,Hirata,JP,2022-05-26 02:41:18,35.4333,132.8167,82.42,57,75,13.8
532,Loreto,MX,2022-05-26 02:41:18,22.2667,-101.9667,72.97,17,0,11.81
533,Linqiong,CN,2022-05-26 02:41:18,30.4159,103.4609,75.02,79,100,2.42
534,Macamic,CA,2022-05-26 02:41:19,48.7502,-78.9996,55.89,61,100,4.16
535,Miguel Pereira,BR,2022-05-26 02:38:15,-22.4539,-43.4689,60.73,88,0,5.32
536,Mutsu,JP,2022-05-26 02:39:17,41.2894,141.2169,74.39,52,47,7.7
537,Barcelos,PT,2022-05-26 02:36:30,41.5388,-8.6151,64.54,73,12,6.38
538,Weatherford,US,2022-05-26 02:38:54,32.7593,-97.7972,64.85,63,100,2.86
539,Svetlaya,RU,2022-05-26 02:41:20,46.5389,138.3297,53.64,78,94,6.13
540,Malanje,AO,2022-05-26 02:41:20,-9.5402,16.341,55.98,61,0,2.89
541,Kalengwa,ZM,2022-05-26 02:41:21,-13.4659,25.0027,48.88,50,0,4.21
542,Kortkeros,RU,2022-05-26 02:41:21,61.8106,51.5806,42.8,86,58,3.29
543,Merauke,ID,2022-05-26 02:41:22,-8.4667,140.3333,85.21,64,98,9.17
544,Dongli,CN,2022-05-26 02:41:22,23.5656,116.8194,78.78,94,75,2.24
545,Sao Jose Da Coroa Grande,BR,2022-05-26 02:41:22,-8.8978,-35.1478,75.76,88,81,10.16
546,Ca Mau,VN,2022-05-26 02:41:34,9.1769,105.15,90.27,57,90,13.24
547,Porto Novo,BJ,2022-05-26 02:42:23,6.4965,2.6036,82.22,85,100,4.99
548,Xingcheng,CN,2022-05-26 02:42:23,40.6167,120.7167,70.39,40,44,8.03
549,Russkiy Aktash,RU,2022-05-26 02:42:24,55.0384,52.1214,42.67,82,5,8.81
550,Maragheh,IR,2022-05-26 02:42:24,37.3917,46.2398,52.07,58,20,9.22
551,Tongchuan,CN,2022-05-26 02:42:25,35.0806,109.0897,74.59,46,89,5.73
552,Pacific Grove,US,2022-05-26 02:42:25,36.6177,-121.9166,62.02,90,92,5.99
553,Gualeguay,AR,2022-05-26 02:42:25,-33.1416,-59.3097,47.14,92,37,8.21
554,Maun,BW,2022-05-26 02:42:26,-19.9833,23.4167,54.81,50,0,3.4
555,Ancud,CL,2022-05-26 02:42:26,-41.8697,-73.8203,38.61,83,5,7.0
556,Tazovskiy,RU,2022-05-26 02:42:26,67.4667,78.7,39.72,54,10,8.19
557,Malakal,SS,2022-05-26 02:42:27,9.5334,31.6605,77.36,70,83,4.21
558,Ishigaki,JP,2022-05-26 02:42:27,24.3448,124.1572,77.13,100,75,10.36
559,Kenai,US,2022-05-26 02:42:27,60.5544,-151.2583,59.02,56,0,11.5
560,Gat,IL,2022-05-26 02:39:02,31.61,34.7642,73.4,100,0,4.25
561,Kindu,CD,2022-05-26 02:42:28,-2.95,25.95,68.04,97,100,0.51
562,Havelock,US,2022-05-26 02:42:28,34.8791,-76.9013,66.15,91,100,11.5
563,Cordoba,AR,2022-05-26 02:42:29,-31.4135,-64.1811,52.75,68,100,6.91
564,Andros Town,BS,2022-05-26 02:42:29,24.7,-77.7667,78.76,72,31,15.84
565,Uhlove,UA,2022-05-26 02:42:29,44.8215,33.6045,57.02,64,64,8.03
566,Zhangye,CN,2022-05-26 02:42:30,38.9342,100.4517,77.43,23,94,5.88
567,Russell,US,2022-05-26 02:42:30,32.3502,-85.1999,70.83,100,100,0.0
568,Humberto De Campos,BR,2022-05-26 02:42:30,-2.5983,-43.4611,73.26,95,6,4.59
569,Ngunguru,NZ,2022-05-26 02:42:31,-35.6167,174.5,61.34,69,4,6.93
570,Paciran,ID,2022-05-26 02:42:31,-6.8767,112.3761,81.05,78,100,4.27
571,Buston,TJ,2022-05-26 02:42:32,40.2342,69.6948,73.58,60,60,15.66
572,Barranca,PE,2022-05-26 02:42:32,-10.75,-77.7667,63.84,81,66,7.9
573,Manyana,BW,2022-05-26 02:42:32,-23.4,21.7167,56.44,39,0,5.17
574,Sakakah,SA,2022-05-26 02:42:33,29.9697,40.2064,74.77,23,0,14.94
575,Byron Bay,AU,2022-05-26 02:42:33,-28.65,153.6167,68.7,69,20,7.81
576,Zhuhai,CN,2022-05-26 02:42:33,22.2769,113.5678,86.86,94,40,4.61
577,Kirakira,SB,2022-05-26 02:42:34,-10.4544,161.9205,84.56,75,25,7.43
578,Sindou,BF,2022-05-26 02:42:34,10.6667,-5.1667,75.6,76,69,3.51
579,Sidney,AU,2022-05-26 02:40:07,-33.8679,151.2073,69.55,70,20,5.75
580,Sao Felix Do Xingu,BR,2022-05-26 02:42:35,-6.6447,-51.995,68.67,85,0,1.66
581,Biak,ID,2022-05-26 02:42:35,-0.9131,122.8766,83.39,72,90,4.16
582,Kodinsk,RU,2022-05-26 02:42:35,58.6881,99.1844,55.56,66,92,10.0
583,Orange,US,2022-05-26 02:42:36,33.7,-117.7675,75.54,80,20,10.36
584,Port Macquarie,AU,2022-05-26 02:42:36,-31.4333,152.9167,70.9,70,45,3.6
585,Baft,IR,2022-05-26 02:42:37,29.234,56.6057,69.46,4,0,0.74
586,Terrace Bay,CA,2022-05-26 02:42:37,48.7834,-87.1,45.66,97,100,13.62
587,Hanzhong,CN,2022-05-26 02:42:38,33.0728,107.0303,75.02,63,58,3.42
588,Siloam Springs,US,2022-05-26 02:39:21,36.1881,-94.5405,59.45,93,100,9.22
589,Seddon,AU,2022-05-26 02:42:38,-37.8068,144.8916,62.91,86,100,14.97
